{
	"dates":[
		"21-Feb",
		"22-Feb",
		"23-Feb",
		"24-Feb",
		"25-Feb",
		"26-Feb",
		"27-Feb",
		"28-Feb",
		"29-Feb",
		"1-Mar",
		"2-Mar",
		"3-Mar",
		"4-Mar",
		"5-Mar",
		"6-Mar",
		"7-Mar",
		"8-Mar",
		"9-Mar",
		"10-Mar",
		"11-Mar",
		"12-Mar",
		"13-Mar",
		"14-Mar",
		"15-Mar",
		"16-Mar",
		"17-Mar",
		"18-Mar",
		"19-Mar",
		"20-Mar",
		"21-Mar",
		"22-Mar",
		"23-Mar",
		"24-Mar",
		"25-Mar",
		"26-Mar"
	],
	"numbers":[
		1,
		1,
		2,
		2,
		2,
		2,
		3,
		7,
		7,
		10,
		12,
		12,
		15,
		17,
		21,
		25,
		39,
		50,
		70,
		82,
		109,
		143,
		193,
		213,
		298,
		337,
		433,
		677,
		705,
		883,
		1071,
		1442,
		1930,
		2369,
		2693
	],
	"growth":[
		0,
		0,
		1,
		0,
		0,
		0,
		1,
		4,
		0,
		3,
		2,
		0,
		3,
		2,
		4,
		4,
		14,
		11,
		20,
		12,
		27,
		34,
		50,
		20,
		85,
		39,
		96,
		244,
		28,
		178,
		188,
		371,
		488,
		439,
		324
	],
	"speed":[
		1.0,
		1.2233215659894107e-12,
		-5.303900446620994e-4,
		0.10158079033954574,
		6.968538681381537e-4,
		3.937303406497057e-4,
		4.837368575125441e-3,
		0.8179609783248594,
		0.39406466696806475,
		0.3578260538419372,
		0.29692552306882725,
		0.20887802319861704,
		0.18563750171569804,
		0.1643313857148858,
		0.16301679989703108,
		0.16289175593296915,
		0.215177619065291,
		0.24171563031246562,
		0.27171447359400464,
		0.25724066778379057,
		0.2582507258330985,
		0.2611809111573032,
		0.2695740187940909,
		0.2437372536488535,
		0.24927114720892476,
		0.23249764903716072,
		0.22879313436821364,
		0.2633269740124547,
		0.23934582495371592,
		0.22940864792690568,
		0.22099573507070858,
		0.2274998107106065,
		0.23972513485676536,
		0.2392542956175129,
		0.2241601355579883
	],
	"regressiondata":[
		[
			0,
			1
		],
		[
			1,
			1
		],
		[
			2,
			2
		],
		[
			3,
			2
		],
		[
			4,
			2
		],
		[
			5,
			2
		],
		[
			6,
			3
		],
		[
			7,
			7
		],
		[
			8,
			7
		],
		[
			9,
			10
		],
		[
			10,
			12
		],
		[
			11,
			12
		],
		[
			12,
			15
		],
		[
			13,
			17
		],
		[
			14,
			21
		],
		[
			15,
			25
		],
		[
			16,
			39
		],
		[
			17,
			50
		],
		[
			18,
			70
		],
		[
			19,
			82
		],
		[
			20,
			109
		],
		[
			21,
			143
		],
		[
			22,
			193
		],
		[
			23,
			213
		],
		[
			24,
			298
		],
		[
			25,
			337
		],
		[
			26,
			433
		],
		[
			27,
			677
		],
		[
			28,
			705
		],
		[
			29,
			883
		],
		[
			30,
			1071
		],
		[
			31,
			1442
		],
		[
			32,
			1930
		],
		[
			33,
			2369
		],
		[
			34,
			2693
		]
	]
}
