{
	"dates":[
		"21-Feb",
		"22-Feb",
		"23-Feb",
		"24-Feb",
		"25-Feb",
		"26-Feb",
		"27-Feb",
		"28-Feb",
		"29-Feb",
		"1-Mar",
		"2-Mar",
		"3-Mar",
		"4-Mar",
		"5-Mar",
		"6-Mar",
		"7-Mar",
		"8-Mar",
		"9-Mar",
		"10-Mar",
		"11-Mar",
		"12-Mar",
		"13-Mar",
		"14-Mar",
		"15-Mar",
		"16-Mar",
		"17-Mar",
		"18-Mar",
		"19-Mar",
		"20-Mar",
		"21-Mar",
		"22-Mar",
		"23-Mar",
		"24-Mar",
		"25-Mar",
		"26-Mar",
		"27-Mar",
		"28-Mar",
		"29-Mar"
	],
	"numbers":[
		2,
		2,
		2,
		2,
		2,
		3,
		5,
		7,
		10,
		12,
		12,
		15,
		16,
		20,
		22,
		37,
		39,
		59,
		77,
		99,
		130,
		164,
		200,
		253,
		318,
		421,
		524,
		677,
		838,
		943,
		1207,
		1552,
		2000,
		2463,
		3011,
		3404,
		3824,
		4247
	],
	"growth":[
		0,
		0,
		0,
		0,
		0,
		1,
		2,
		2,
		3,
		2,
		0,
		3,
		1,
		4,
		2,
		15,
		2,
		20,
		18,
		22,
		31,
		34,
		36,
		53,
		65,
		103,
		103,
		153,
		161,
		105,
		264,
		345,
		448,
		463,
		548,
		393,
		420,
		423
	],
	"speed":[
		1.0,
		1.2228909210982577e-12,
		1.151062388087846,
		0.957961562870976,
		0.9968821138510219,
		3.451834528933498,
		1.2667367677220926,
		0.746665646822752,
		0.5820203682825162,
		0.4217627607567615,
		0.2780990862414521,
		0.2361468549423186,
		0.18787646023549023,
		0.17886142467238453,
		0.16025829632280553,
		0.22608655881683715,
		0.2139857903128645,
		0.2516383974723822,
		0.26847682617077984,
		0.2707463505783435,
		0.2724564754026435,
		0.2658128816987372,
		0.2524589171231462,
		0.24543686739121415,
		0.2405017498940479,
		0.24497690505169273,
		0.24266262171821731,
		0.24395239141664715,
		0.23986733977314617,
		0.2222635170961001,
		0.21846704227677644,
		0.22104228477468163,
		0.22652461179066735,
		0.22628546890182977,
		0.22285205615691214,
		0.209679373452293,
		0.1950524777657711,
		0.18103231938453526
	],
	"regressiondata":[
		[
			0,
			2
		],
		[
			1,
			2
		],
		[
			2,
			2
		],
		[
			3,
			2
		],
		[
			4,
			2
		],
		[
			5,
			3
		],
		[
			6,
			5
		],
		[
			7,
			7
		],
		[
			8,
			10
		],
		[
			9,
			12
		],
		[
			10,
			12
		],
		[
			11,
			15
		],
		[
			12,
			16
		],
		[
			13,
			20
		],
		[
			14,
			22
		],
		[
			15,
			37
		],
		[
			16,
			39
		],
		[
			17,
			59
		],
		[
			18,
			77
		],
		[
			19,
			99
		],
		[
			20,
			130
		],
		[
			21,
			164
		],
		[
			22,
			200
		],
		[
			23,
			253
		],
		[
			24,
			318
		],
		[
			25,
			421
		],
		[
			26,
			524
		],
		[
			27,
			677
		],
		[
			28,
			838
		],
		[
			29,
			943
		],
		[
			30,
			1207
		],
		[
			31,
			1552
		],
		[
			32,
			2000
		],
		[
			33,
			2463
		],
		[
			34,
			3011
		],
		[
			35,
			3404
		],
		[
			36,
			3824
		],
		[
			37,
			4247
		]
	]
}